內湖科技一樓商務黃金店面-歡迎久租,rent-detail-3405862.html,"內湖科技一樓商務黃金店面-歡迎久租黃金曝光
內湖科技一樓商務黃金店面-歡迎久租
內湖科技一樓商務黃金店面-歡迎久租
黃金曝光
千禧科技大廈　台北市-內湖區 洲子街71號
辦公，樓層：1/10
8分鐘內更新  屋主 張小姐  
地圖收藏問答(0)
地圖
收藏
問答(0)",268.7坪,"859,968元",http://p2.cdn.591.com.tw/house/active/2014/06/02/140167740569369608_128x92.jpg
近捷運-環境佳-屋超所值!地下一樓,rent-detail-3335438.html,"近捷運-環境佳-屋超所值!地下一樓黃金曝光
近捷運-環境佳-屋超所值!地下一樓
近捷運-環境佳-屋超所值!地下一樓
黃金曝光
台北市-中正區 重慶南路三段15巷3號
辦公，樓層：B1/6
8分鐘內更新  屋主 洪先生  
地圖收藏問答(0)
地圖
收藏
問答(0)",30坪,"18,000元",http://p2.cdn.591.com.tw/house/active/2015/04/07/142839711814868609_128x92.jpg
[包水電]全新裝潢辦公室OA全(8坪),rent-detail-3435482.html,"[包水電]全新裝潢辦公室OA全(8坪)黃金曝光
[包水電]全新裝潢辦公室OA全(8坪)
[包水電]全新裝潢辦公室OA全(8坪)
黃金曝光
台北市-中山區 合江街116巷10號
辦公，樓層：3/4
13分鐘內更新  屋主 林先生  
地圖收藏問答(0)
地圖
收藏
問答(0)",8坪,"15,000元",http://p1.cdn.591.com.tw/house/active/2015/06/06/143356311710857608_128x92.jpg
公司登記，工商設立聯絡處只要2500元！,rent-detail-3414985.html,"公司登記，工商設立聯絡處只要2500元！黃金曝光
公司登記，工商設立聯絡處只要2500元！
公司登記，工商設立聯絡處只要2500元！
黃金曝光
三普企業大樓　台北市-大安區 忠孝東路四段169號
辦公，樓層：12/12
13分鐘內更新  屋主 徐小姐  
地圖收藏問答(0)
地圖
收藏
問答(0)",1坪,"2,500元",http://p2.cdn.591.com.tw/house/active/2015/05/08/143101512465722509_128x92.jpg
70坪高樓層優質辦公室,rent-detail-3390612.html,"70坪高樓層優質辦公室黃金曝光
70坪高樓層優質辦公室
70坪高樓層優質辦公室
黃金曝光
鴻運大廈　台北市-中山區 吉林路150號
辦公，樓層：11/12
18分鐘內更新  屋主 楊先生  
地圖收藏問答(0)
地圖
收藏
問答(0)",70坪,"69,000元",http://p2.cdn.591.com.tw/house/active/2015/05/28/143277483391758004_128x92.jpg
昆陽站步行1分鐘、辦公室分租,rent-detail-3434626.html,"昆陽站步行1分鐘、辦公室分租黃金曝光
昆陽站步行1分鐘、辦公室分租
昆陽站步行1分鐘、辦公室分租
黃金曝光
新台北資訊大樓　台北市-南港區 忠孝東路六段
辦公，樓層：9/12
18分鐘內更新  代理人 黃小姐  
地圖收藏問答(0)
地圖
收藏
問答(0)",112.5坪,"150,000元",http://p2.cdn.591.com.tw/house/active/2015/05/12/143141796258548801_128x92.jpg
文湖松山雙捷運大面窗單人房可雙人,rent-detail-3435950.html,"文湖松山雙捷運大面窗單人房可雙人黃金曝光
文湖松山雙捷運大面窗單人房可雙人
文湖松山雙捷運大面窗單人房可雙人
黃金曝光
永瑞大樓　台北市-松山區 南京東路三段305號
辦公，樓層：5/12
23分鐘內更新  屋主 Helen 何  
地圖收藏問答(0)
地圖
收藏
問答(0)",4.2坪,"12,500元",http://p2.cdn.591.com.tw/house/active/2015/05/15/143167071363268400_128x92.jpg
全新完工2-4人微型商辦101窗景,rent-detail-3387349.html,"全新完工2-4人微型商辦101窗景黃金曝光
全新完工2-4人微型商辦101窗景
全新完工2-4人微型商辦101窗景
黃金曝光
裕台大樓　台北市-大安區 復興南路一段368號
辦公，樓層：11/15
23分鐘內更新  屋主 莊先生  
地圖收藏問答(2)
地圖
收藏
問答(2)",4坪,"13,000元",http://p1.cdn.591.com.tw/house/active/2015/06/09/143382120802105807_128x92.jpg
公司-工商登記近忠孝敦化站,rent-detail-3376622.html,"公司-工商登記近忠孝敦化站黃金曝光
公司-工商登記近忠孝敦化站
公司-工商登記近忠孝敦化站
黃金曝光

台北市-大安區 忠孝東路四段176-1號
辦公，樓層：2/2
28分鐘內更新  代理人 羅小姐  
地圖收藏問答(0)
地圖
收藏
問答(0)",3.5坪,"13,000元",http://p2.cdn.591.com.tw/house/active/2012/12/24/135635898515992808_128x92.jpg
市府捷運誠品商務中心工商借址登記,rent-detail-3416893.html,"市府捷運誠品商務中心工商借址登記黃金曝光
市府捷運誠品商務中心工商借址登記
市府捷運誠品商務中心工商借址登記
黃金曝光
統一國際大樓　台北市-信義區 松高路9號
統一國際大樓
辦公，樓層：27/30
28分鐘內更新  代理人 林先生  
地圖收藏問答(0)
地圖
收藏
問答(0)",3坪,"2,000元",http://p2.cdn.591.com.tw/house/active/2014/08/26/140905048169143607_128x92.jpg
"氣派門聽,低公設復北辦公,黃金商圈.",rent-detail-3391954.html,"氣派門聽,低公設復北辦公,黃金商圈.黃金曝光
氣派門聽,低公設復北辦公,黃金商圈.
氣派門聽,低公設復北辦公,黃金商圈.
黃金曝光
忠信大廈　台北市-中山區 復興北路48號
辦公，樓層：11/12
28分鐘內更新  屋主 白先生  
地圖收藏問答(0)
地圖
收藏
問答(0)",30坪,"39,500元",http://p2.cdn.591.com.tw/house/active/2013/01/08/135763417927955204_128x92.jpg
辦公大樓-西華飯店對面,rent-detail-3405775.html,"辦公大樓-西華飯店對面黃金曝光
辦公大樓-西華飯店對面
辦公大樓-西華飯店對面
黃金曝光
保富金融大樓　台北市-松山區 民生東路三段128號
辦公，樓層：4/16
38分鐘內更新  屋主 張小姐  
地圖收藏問答(0)
地圖
收藏
問答(0)",86坪,"129,000元",http://p1.cdn.591.com.tw/house/active/2013/12/06/138630410908164209_128x92.jpg
"雙捷運匯集區,帷幕辦雙面採光,裝潢實用.",rent-detail-3392938.html,"雙捷運匯集區,帷幕辦雙面採光,裝潢實用.黃金曝光
雙捷運匯集區,帷幕辦雙面採光,裝潢實用.
雙捷運匯集區,帷幕辦雙面採光,裝潢實用.
黃金曝光
台北市-松山區 復興北路
辦公，樓層：10/16
38分鐘內更新  仲介 松華商仲  吳經理  已認證
已認證
地圖收藏問答(0)
地圖
收藏
問答(0)",70.5坪,"139,772元",http://p2.cdn.591.com.tw/house/active/2015/04/28/143019108811437804_128x92.jpg
台北新東區全新辦公大樓,rent-detail-3368491.html,"台北新東區全新辦公大樓黃金曝光
台北新東區全新辦公大樓
台北新東區全新辦公大樓
黃金曝光
御城　台北市-南港區 南港路三段47巷8號
辦公，樓層：10/11
38分鐘內更新  屋主 周先生  
地圖收藏問答(0)
地圖
收藏
問答(0)",184坪,"240,000元",http://p1.cdn.591.com.tw/house/active/2012/12/02/135444962534063802_128x92.jpg
南京東路二段小型辦公室,rent-detail-3407489.html,"南京東路二段小型辦公室黃金曝光
南京東路二段小型辦公室
南京東路二段小型辦公室
黃金曝光
台北市-中山區 南京東路二段178號
辦公，樓層：5/13
38分鐘內更新  代理人 王小姐  
地圖收藏問答(0)
地圖
收藏
問答(0)",4坪,"16,800元",http://p2.cdn.591.com.tw/house/active/2014/10/16/141343082473588502_128x92.jpg
"絕對超值時尚辦,樓中樓設計唯美風格.優!",rent-detail-3375924.html,"絕對超值時尚辦,樓中樓設計唯美風格.優!黃金曝光
絕對超值時尚辦,樓中樓設計唯美風格.優!
絕對超值時尚辦,樓中樓設計唯美風格.優!
黃金曝光
台北市-內湖區 瑞光路
辦公，樓層：5/9
38分鐘內更新  仲介 松華商仲   吳經理  已認證
已認證
地圖收藏問答(0)
地圖
收藏
問答(0)",81坪,"128,864元",http://p2.cdn.591.com.tw/house/active/2015/05/20/143211782906554006_128x92.jpg
台北新東區全新辦公大樓,rent-detail-3368476.html,"台北新東區全新辦公大樓黃金曝光
台北新東區全新辦公大樓
台北新東區全新辦公大樓
黃金曝光
御城　台北市-南港區 南港路三段47巷
辦公，樓層：3/11
43分鐘內更新  屋主 周先生  
地圖收藏問答(0)
地圖
收藏
問答(0)",200坪,"250,000元",http://p1.cdn.591.com.tw/house/active/2012/12/02/135444962534063802_128x92.jpg
101商圈公車總站-1樓邊間停車方便,rent-detail-3428258.html,"101商圈公車總站-1樓邊間停車方便黃金曝光
101商圈公車總站-1樓邊間停車方便
101商圈公車總站-1樓邊間停車方便
黃金曝光
吳興大廈　台北市-信義區 吳興街
辦公，樓層：1/7
43分鐘內更新  屋主 李太太  
地圖收藏問答(0)
地圖
收藏
問答(0)",20坪,"23,000元",http://p1.cdn.591.com.tw/house/active/2014/02/13/139230493078865309_128x92.jpg
捷運敦化站黃金商圈，優質小型辦公室出租,rent-detail-3377435.html,"捷運敦化站黃金商圈，優質小型辦公室出租黃金曝光
捷運敦化站黃金商圈，優質小型辦公室出租
捷運敦化站黃金商圈，優質小型辦公室出租
黃金曝光
台北市-大安區 忠孝東路四段169號
辦公，樓層：11/12
43分鐘內更新  屋主 林小姐  
地圖收藏問答(0)
地圖
收藏
問答(0)",4坪,"16,000元",http://p1.cdn.591.com.tw/house/active/2015/05/21/143218909330832703_128x92.jpg
仁愛路四段國父紀念館捷運站辦公室,rent-detail-3399982.html,"仁愛路四段國父紀念館捷運站辦公室黃金曝光
仁愛路四段國父紀念館捷運站辦公室
仁愛路四段國父紀念館捷運站辦公室
黃金曝光
台北市-大安區 仁愛路四段
辦公，樓層：6/12
43分鐘內更新  仲介 黃先生  已認證
已認證
地圖收藏問答(0)
地圖
收藏
問答(0)",56坪,"59,000元",http://p1.cdn.591.com.tw/house/active/2015/06/09/143382046126299209_128x92.jpg
西湖公園清新辦環境優美機能便利屋漂亮超棒,rent-detail-3410368.html,"西湖公園清新辦環境優美機能便利屋漂亮超棒黃金曝光
西湖公園清新辦環境優美機能便利屋漂亮超棒
西湖公園清新辦環境優美機能便利屋漂亮超棒
黃金曝光
台北市-內湖區 堤頂大道二段
辦公，樓層：2/10
44分鐘內更新  仲介 松華商仲  吳經理  已認證
已認證
地圖收藏問答(0)
地圖
收藏
問答(0)",84.8坪,"106,848元",http://p2.cdn.591.com.tw/house/active/2015/06/05/143349335465457200_128x92.jpg
大直精華地段典雅辦公室,rent-detail-3406137.html,"大直精華地段典雅辦公室黃金曝光
大直精華地段典雅辦公室
大直精華地段典雅辦公室
黃金曝光
水名錄　台北市-中山區 明水路650號
辦公，樓層：9/10
44分鐘內更新  屋主 林先生  
地圖收藏問答(0)
地圖
收藏
問答(0)",13坪,"35,000元",http://p2.cdn.591.com.tw/house/active/2015/04/25/142997568657558105_128x92.jpg
捷運學校晴光商圈機能優時尚風格辦值得一看,rent-detail-3419169.html,"捷運學校晴光商圈機能優時尚風格辦值得一看黃金曝光
捷運學校晴光商圈機能優時尚風格辦值得一看
捷運學校晴光商圈機能優時尚風格辦值得一看
黃金曝光
台北市-中山區 林森北路
辦公，樓層：8/10
44分鐘內更新  仲介 松華商仲  吳經理  已認證
已認證
地圖收藏問答(0)
地圖
收藏
問答(0)",110坪,"180,000元",http://p2.cdn.591.com.tw/house/active/2015/06/09/143383699586421700_128x92.jpg
學區雙捷運商圈稀有辦雅緻舒適新空出.搶快,rent-detail-3375691.html,"學區雙捷運商圈稀有辦雅緻舒適新空出.搶快
學區雙捷運商圈稀有辦雅緻舒適新空出.搶快
學區雙捷運商圈稀有辦雅緻舒適新空出.搶快
台北市-大安區 信義路四段
辦公，樓層：5/17
44分鐘內更新  仲介 松華商仲   吳經理  已認證
已認證
地圖收藏問答(0)
地圖
收藏
問答(0)",104.3坪,"139,900元",http://p2.cdn.591.com.tw/house/active/2015/05/20/143211253480117400_128x92.jpg
"近遠企商圈時尚辦,環境優美視野棒屋況佳!",rent-detail-3393600.html,"近遠企商圈時尚辦,環境優美視野棒屋況佳!黃金曝光
近遠企商圈時尚辦,環境優美視野棒屋況佳!
近遠企商圈時尚辦,環境優美視野棒屋況佳!
黃金曝光
台北市-大安區 敦化南路二段
辦公，樓層：12/21
44分鐘內更新  仲介 松華商仲  吳經理  已認證
已認證
地圖收藏問答(0)
地圖
收藏
問答(0)",66坪,"95,000元",http://p2.cdn.591.com.tw/house/active/2015/05/29/143287931650141800_128x92.jpg
"世貿旁著名辦,簡潔方正稀有空出屋況佳!",rent-detail-3392913.html,"世貿旁著名辦,簡潔方正稀有空出屋況佳!黃金曝光
世貿旁著名辦,簡潔方正稀有空出屋況佳!
世貿旁著名辦,簡潔方正稀有空出屋況佳!
黃金曝光
台北市-信義區 光復南路
辦公，樓層：9/20
44分鐘內更新  仲介 松華商仲  吳經理  已認證
已認證
地圖收藏問答(0)
地圖
收藏
問答(0)",56坪,"82,772元",http://p1.cdn.591.com.tw/house/active/2015/04/28/143020592582684204_128x92.jpg
民權西路站雅緻辦.時尚舒適格局大方.超棒,rent-detail-3393913.html,"民權西路站雅緻辦.時尚舒適格局大方.超棒黃金曝光
民權西路站雅緻辦.時尚舒適格局大方.超棒
民權西路站雅緻辦.時尚舒適格局大方.超棒
黃金曝光
台北市-中山區 撫順街
辦公，樓層：5/7
44分鐘內更新  仲介 松華商仲  吳經理  已認證
已認證
地圖收藏問答(0)
地圖
收藏
問答(0)",102.3坪,"150,000元",http://p1.cdn.591.com.tw/house/active/2015/05/29/143288618894425404_128x92.jpg
全新裝潢創業辦公室-月租4500全包,rent-detail-3415589.html,"全新裝潢創業辦公室-月租4500全包黃金曝光
全新裝潢創業辦公室-月租4500全包
全新裝潢創業辦公室-月租4500全包
黃金曝光
台北市-中山區 伊通街58號
辦公，樓層：4/7
44分鐘內更新  代理人 龔先生  
地圖收藏問答(2)
地圖
收藏
問答(2)",1坪,"4,500元",http://p2.cdn.591.com.tw/house/active/2015/01/12/142107665281366700_128x92.jpg
永春商圈舒適辦簡潔方正明亮格局機能便利.,rent-detail-3439839.html,"永春商圈舒適辦簡潔方正明亮格局機能便利.黃金曝光
永春商圈舒適辦簡潔方正明亮格局機能便利.
永春商圈舒適辦簡潔方正明亮格局機能便利.
黃金曝光
台北市-信義區 忠孝東路五段
辦公，樓層：5/10
49分鐘內更新  仲介 松華商仲  吳經理  已認證
已認證
地圖收藏問答(0)
地圖
收藏
問答(0)",55.4坪,"79,545元",http://p1.cdn.591.com.tw/house/active/2015/05/19/143202223173510409_128x92.jpg
敦化南路精選辦公室,rent-detail-2458802.html,"敦化南路精選辦公室黃金曝光
敦化南路精選辦公室
敦化南路精選辦公室
黃金曝光
台北市-松山區 敦化南路一段100巷
辦公，樓層：1/7
49分鐘內更新  仲介 李先生  已認證
已認證
地圖收藏問答(0)
地圖
收藏
問答(0)",45坪,"62,000元",http://p2.cdn.591.com.tw/house/active/2015/06/08/143375452544076808_128x92.jpg
大安捷運辦公室信義路捷運站辦公室,rent-detail-3399978.html,"大安捷運辦公室信義路捷運站辦公室黃金曝光
大安捷運辦公室信義路捷運站辦公室
大安捷運辦公室信義路捷運站辦公室
黃金曝光
台北市-大安區 信義路四段
辦公，樓層：14/17
49分鐘內更新  仲介 黃先生  已認證
已認證
地圖收藏問答(0)
地圖
收藏
問答(0)",78坪,"118,000元",http://p1.cdn.591.com.tw/house/active/2015/05/09/143116184203707508_128x92.jpg
"近捷運機能全,風雅格局舒適質感,超優!",rent-detail-3424995.html,"近捷運機能全,風雅格局舒適質感,超優!黃金曝光
近捷運機能全,風雅格局舒適質感,超優!
近捷運機能全,風雅格局舒適質感,超優!
黃金曝光
台北市-中正區 中華路一段
辦公，樓層：4/14
49分鐘內更新  仲介 松華商仲  吳經理  已認證
已認證
地圖收藏問答(0)
地圖
收藏
問答(0)",44坪,"80,000元",http://p2.cdn.591.com.tw/house/active/2015/05/12/143141903796046404_128x92.jpg
進駐台北南京商業核心-仁富商務中心,rent-detail-3330396.html,"進駐台北南京商業核心-仁富商務中心黃金曝光
進駐台北南京商業核心-仁富商務中心
進駐台北南京商業核心-仁富商務中心
黃金曝光
再保大樓　台北市-中山區 南京東路二段53號
再保大樓
辦公，樓層：6/13
49分鐘內更新  代理人 江小姐  
地圖收藏問答(3)
地圖
收藏
問答(3)",3坪,"5,000元",http://p1.cdn.591.com.tw/house/active/2015/03/30/142770066089721607_128x92.jpg
"小巨蛋站商務機能棒,時尚裝潢舒適有感超優",rent-detail-3421400.html,"小巨蛋站商務機能棒,時尚裝潢舒適有感超優黃金曝光
小巨蛋站商務機能棒,時尚裝潢舒適有感超優
小巨蛋站商務機能棒,時尚裝潢舒適有感超優
黃金曝光
台北市-松山區 南京東路四段
辦公，樓層：8/14
49分鐘內更新  仲介 松華商仲  吳經理  已認證
已認證
地圖收藏問答(0)
地圖
收藏
問答(0)",425坪,"825,562元",http://p1.cdn.591.com.tw/house/active/2015/06/10/143392185190354000_128x92.jpg
百貫商務中心優質辦公室價格最優,rent-detail-3410180.html,"百貫商務中心優質辦公室價格最優黃金曝光
百貫商務中心優質辦公室價格最優
百貫商務中心優質辦公室價格最優
黃金曝光
中央商業大樓　台北市-中山區 復興北路181號
辦公，樓層：2/12
54分鐘內更新  屋主 李先生  
地圖收藏問答(0)
地圖
收藏
問答(0)",2坪,"8,000元",http://p1.cdn.591.com.tw/house/active/2015/06/04/143338718340834309_128x92.jpg
工商登記，公司設立聯絡處，只要2500元,rent-detail-3436597.html,"工商登記，公司設立聯絡處，只要2500元黃金曝光
工商登記，公司設立聯絡處，只要2500元
工商登記，公司設立聯絡處，只要2500元
黃金曝光
台北市-中山區 南京東路二段95號
辦公，樓層：11/11
59分鐘內更新  屋主 陳先生  
地圖收藏問答(0)
地圖
收藏
問答(0)",2坪,"2,500元",http://p2.cdn.591.com.tw/house/active/2014/04/01/139633608100975909_128x92.jpg
全新*文創風*小型辦公室*(微風忠孝館),rent-detail-3380107.html,"全新*文創風*小型辦公室*(微風忠孝館)黃金曝光
全新*文創風*小型辦公室*(微風忠孝館)
全新*文創風*小型辦公室*(微風忠孝館)
黃金曝光
華新大樓　台北市-大安區 忠孝東路四段221號
華新大樓
辦公，樓層：8/12
59分鐘內更新  屋主 黃小姐  
地圖收藏問答(0)
地圖
收藏
問答(0)",2坪,"11,000元",http://p2.cdn.591.com.tw/house/active/2015/03/23/142709422784551304_128x92.jpg
安和站機能佳格局優出入單純低公設實用辦!,rent-detail-3375608.html,"安和站機能佳格局優出入單純低公設實用辦!
安和站機能佳格局優出入單純低公設實用辦!
安和站機能佳格局優出入單純低公設實用辦!
台北市-大安區 信義路四段
辦公，樓層：9/12
59分鐘內更新  仲介 松華商仲  吳經理  已認證
已認證
地圖收藏問答(0)
地圖
收藏
問答(0)",78.5坪,"126,000元",http://p1.cdn.591.com.tw/house/active/2015/02/17/142416880114710200_128x92.jpg
電梯大樓辦公室,rent-detail-3433117.html,"電梯大樓辦公室黃金曝光
電梯大樓辦公室
電梯大樓辦公室
黃金曝光
白雲雙璽　台北市-信義區 永吉路
辦公，樓層：B1/11
59分鐘內更新  屋主 廖先生  
地圖收藏問答(0)
地圖
收藏
問答(0)",60坪,"29,000元",http://p1.cdn.591.com.tw/house/active/2009/04/04/123880407119873004_128x92.jpg
善導寺站近文創園區超夯地段格局方正實用.,rent-detail-3393675.html,"善導寺站近文創園區超夯地段格局方正實用.黃金曝光
善導寺站近文創園區超夯地段格局方正實用.
善導寺站近文創園區超夯地段格局方正實用.
黃金曝光
台北市-中正區 忠孝東路一段
辦公，樓層：7/12
59分鐘內更新  仲介 松華商仲  吳經理  已認證
已認證
地圖收藏問答(0)
地圖
收藏
問答(0)",70坪,"112,000元",http://p1.cdn.591.com.tw/house/active/2015/05/29/143288081022780506_128x92.jpg
京站商圈雅緻舒適現成辦五鐵共構機能讚!,rent-detail-3418807.html,"京站商圈雅緻舒適現成辦五鐵共構機能讚!黃金曝光
京站商圈雅緻舒適現成辦五鐵共構機能讚!
京站商圈雅緻舒適現成辦五鐵共構機能讚!
黃金曝光
台北市-大同區 承德路一段
辦公，樓層：4/12
59分鐘內更新  仲介 松華商仲  吳經理  已認證
已認證
地圖收藏問答(0)
地圖
收藏
問答(0)",152坪,"243,200元",http://p2.cdn.591.com.tw/house/active/2015/06/09/143383095152853807_128x92.jpg
雅緻時尚優質空間香榭大道VIWE美視野讚,rent-detail-3421679.html,"雅緻時尚優質空間香榭大道VIWE美視野讚黃金曝光
雅緻時尚優質空間香榭大道VIWE美視野讚
雅緻時尚優質空間香榭大道VIWE美視野讚
黃金曝光
台北市-大安區 敦化南路二段
辦公，樓層：26/27
2小時內更新  仲介 松華商仲  吳經理  已認證
已認證
地圖收藏問答(0)
地圖
收藏
問答(0)",220坪,"594,000元",http://p1.cdn.591.com.tw/house/active/2015/06/10/143392781017839909_128x92.jpg
信義商圈最超值近捷運機能格局讚視野超棒!,rent-detail-3423562.html,"信義商圈最超值近捷運機能格局讚視野超棒!黃金曝光
信義商圈最超值近捷運機能格局讚視野超棒!
信義商圈最超值近捷運機能格局讚視野超棒!
黃金曝光
台北市-信義區 基隆路二段
辦公，樓層：20/21
2小時內更新  仲介 松華商仲  吳經理  已認證
已認證
地圖收藏問答(0)
地圖
收藏
問答(0)",130坪,"200,000元",http://p1.cdn.591.com.tw/house/active/2015/06/11/143400715120854604_128x92.jpg
純辦公室出租格局方正光線佳近捷運,rent-detail-3433951.html,"純辦公室出租格局方正光線佳近捷運黃金曝光
純辦公室出租格局方正光線佳近捷運
純辦公室出租格局方正光線佳近捷運
黃金曝光
瑞星大樓　台北市-中山區 中山北路二段112號
辦公，樓層：3/12
2小時內更新  代理人 王先生  
地圖收藏問答(0)
地圖
收藏
問答(0)",20坪,"25,000元",http://p2.cdn.591.com.tw/house/active/2015/06/16/143443351745437806_128x92.jpg
舒適愉悅的工作空間,rent-detail-3376949.html,"舒適愉悅的工作空間黃金曝光
舒適愉悅的工作空間
舒適愉悅的工作空間
黃金曝光
台北市-大安區 信義路四段
辦公，樓層：6/12
2小時內更新  代理人 陳先生  
地圖收藏問答(0)
地圖
收藏
問答(0)",4坪,"20,000元",http://p1.cdn.591.com.tw/house/active/2015/01/14/142120826082165503_128x92.jpg
"近西湖站活時尚辦,清新明亮大樓氣派.讚",rent-detail-3375889.html,"近西湖站活時尚辦,清新明亮大樓氣派.讚
近西湖站活時尚辦,清新明亮大樓氣派.讚
近西湖站活時尚辦,清新明亮大樓氣派.讚
台北市-內湖區 洲子街
辦公，樓層：5/12
2小時內更新  仲介 松華商仲   吳經理  已認證
已認證
地圖收藏問答(0)
地圖
收藏
問答(0)",93.4坪,"136,000元",http://p2.cdn.591.com.tw/house/active/2015/05/20/143211691461923208_128x92.jpg
夢想盒﻿﻿~完成夢想的幸福空間,rent-detail-3429949.html,"夢想盒﻿﻿~完成夢想的幸福空間黃金曝光
夢想盒﻿﻿~完成夢想的幸福空間
夢想盒﻿﻿~完成夢想的幸福空間
黃金曝光
國揚大樓　台北市-中正區 博愛路
辦公，樓層：8/9
2小時內更新  屋主 李小姐  
地圖收藏問答(0)
地圖
收藏
問答(0)",3坪,"6,000元",http://p1.cdn.591.com.tw/house/active/2015/04/07/142838751017308502_128x92.jpg
整潔明亮廠辦宅,rent-detail-3423376.html,"整潔明亮廠辦宅黃金曝光
整潔明亮廠辦宅
整潔明亮廠辦宅
黃金曝光
臺銀人壽內湖科技大樓　台北市-內湖區 瑞光路102號
辦公，樓層：2/5
2小時內更新  屋主 李小姐  
地圖收藏問答(0)
地圖
收藏
問答(0)",348.2坪,"348,170元",http://p1.cdn.591.com.tw/house/active/2015/04/08/142846621795333304_128x92.jpg
內湖科技園區鑽石廠辦宅,rent-detail-3423381.html,"內湖科技園區鑽石廠辦宅黃金曝光
內湖科技園區鑽石廠辦宅
內湖科技園區鑽石廠辦宅
黃金曝光
臺銀人壽內湖科技大樓　台北市-內湖區 瑞光路102號
辦公，樓層：5/5
2小時內更新  屋主 李小姐  
地圖收藏問答(0)
地圖
收藏
問答(0)",353.6坪,"353,620元",http://p2.cdn.591.com.tw/house/active/2015/04/08/142847785634123101_128x92.jpg
"東區指標辦捷運沿線機能讚,洽商通勤好地段",rent-detail-3410314.html,"東區指標辦捷運沿線機能讚,洽商通勤好地段黃金曝光
東區指標辦捷運沿線機能讚,洽商通勤好地段
東區指標辦捷運沿線機能讚,洽商通勤好地段
黃金曝光
台北市-大安區 忠孝東路四段
辦公，樓層：6/14
2小時內更新  仲介 松華商仲  吳經理  已認證
已認證
地圖收藏問答(0)
地圖
收藏
問答(0)",82坪,"131,200元",http://p2.cdn.591.com.tw/house/active/2015/06/05/143349155485465103_128x92.jpg
全新超值辦公室震撼價~只要8000元,rent-detail-3409495.html,"全新超值辦公室震撼價~只要8000元黃金曝光
全新超值辦公室震撼價~只要8000元
全新超值辦公室震撼價~只要8000元
黃金曝光
台北市-中正區 忠孝西路一段7號
辦公，樓層：5/11
2小時內更新  屋主 陳先生  
地圖收藏問答(0)
地圖
收藏
問答(0)",5坪,"8,000元",http://p2.cdn.591.com.tw/house/active/2015/06/05/143347449119288305_128x92.jpg
內科~極稀有無塵室廠辦~,rent-detail-3423384.html,"內科~極稀有無塵室廠辦~黃金曝光
內科~極稀有無塵室廠辦~
內科~極稀有無塵室廠辦~
黃金曝光
臺銀人壽內湖科技大樓　台北市-內湖區 瑞光路100號
辦公，樓層：B1/5
2小時內更新  屋主 李小姐  
地圖收藏問答(0)
地圖
收藏
問答(0)",566.5坪,"509,850元",http://p2.cdn.591.com.tw/house/active/2015/05/06/143087542728802305_128x92.jpg
"西湖公園旁唯美辦,超優質感雅緻裝潢.水喔",rent-detail-3419015.html,"西湖公園旁唯美辦,超優質感雅緻裝潢.水喔黃金曝光
西湖公園旁唯美辦,超優質感雅緻裝潢.水喔
西湖公園旁唯美辦,超優質感雅緻裝潢.水喔
黃金曝光
台北市-內湖區 堤頂大道二段407巷
辦公，樓層：7/10
2小時內更新  仲介 松華商仲  吳經理  已認證
已認證
地圖收藏問答(0)
地圖
收藏
問答(0)",120坪,"180,000元",http://p2.cdn.591.com.tw/house/active/2015/06/09/143383453022695302_128x92.jpg
隔間裝潢，辦公設備全，物超所值，立可遷入,rent-detail-3389392.html,"隔間裝潢，辦公設備全，物超所值，立可遷入黃金曝光
隔間裝潢，辦公設備全，物超所值，立可遷入
隔間裝潢，辦公設備全，物超所值，立可遷入
黃金曝光
台北smart　台北市-內湖區 瑞光路8號
辦公，樓層：5/8
2小時內更新  代理人 高小姐  
地圖收藏問答(0)
地圖
收藏
問答(0)",67坪,"70,000元",http://p2.cdn.591.com.tw/house/active/2015/05/27/143271182455616903_128x92.jpg
辦公也要樂活,rent-detail-3419682.html,"辦公也要樂活黃金曝光
辦公也要樂活
辦公也要樂活
黃金曝光
icome　台北市-內湖區 南京東路六段350-2號
辦公，樓層：8/12
2小時內更新  屋主 張小姐  
地圖收藏問答(0)
地圖
收藏
問答(0)",28坪,"55,000元",http://p1.cdn.591.com.tw/house/active/2015/04/03/142806339123204309_128x92.jpg
近西湖站漂亮高雅辦視覺唯美機能優看屋GO,rent-detail-3438898.html,"近西湖站漂亮高雅辦視覺唯美機能優看屋GO黃金曝光
近西湖站漂亮高雅辦視覺唯美機能優看屋GO
近西湖站漂亮高雅辦視覺唯美機能優看屋GO
黃金曝光
台北市-內湖區 基湖路3巷
辦公，樓層：2/8
2小時內更新  仲介 松華商仲  吳經理  已認證
已認證
地圖收藏問答(0)
地圖
收藏
問答(0)",85.3坪,"116,291元",http://p2.cdn.591.com.tw/house/active/2015/06/18/143461843278534500_128x92.jpg
全新商辦；格局方正；戶數單純,rent-detail-3375274.html,"全新商辦；格局方正；戶數單純黃金曝光
全新商辦；格局方正；戶數單純
全新商辦；格局方正；戶數單純
黃金曝光
台北市-內湖區 新湖三路
辦公，樓層：3/6
2小時內更新  屋主 陳小姐  
地圖收藏問答(0)
地圖
收藏
問答(0)",119坪,"142,800元",http://p2.cdn.591.com.tw/house/active/2014/03/07/139415795699891700_128x92.jpg
"東區ATT溫馨辦,簡約時尚舒適格局超滿意",rent-detail-3421575.html,"東區ATT溫馨辦,簡約時尚舒適格局超滿意黃金曝光
東區ATT溫馨辦,簡約時尚舒適格局超滿意
東區ATT溫馨辦,簡約時尚舒適格局超滿意
黃金曝光
台北市-大安區 忠孝東路四段
辦公，樓層：6/18
2小時內更新  仲介 松華商仲  吳經理  已認證
已認證
地圖收藏問答(0)
地圖
收藏
問答(0)",51坪,"100,000元",http://p1.cdn.591.com.tw/house/active/2015/06/10/143392573497770903_128x92.jpg
台北車站京站多捷運最佳位置可租車位,rent-detail-3398254.html,"台北車站京站多捷運最佳位置可租車位黃金曝光
台北車站京站多捷運最佳位置可租車位
台北車站京站多捷運最佳位置可租車位
黃金曝光
漢廷長安　台北市-大同區 長安西路150號
漢廷長安
辦公，樓層：10/14
2小時內更新  屋主 林先生  
地圖收藏問答(0)
地圖
收藏
問答(0)",66.5坪,"79,800元",http://p2.cdn.591.com.tw/house/active/2015/05/31/143307730040987105_128x92.jpg
"東區最夯商辦,機能最佳員工最愛微企首推.",rent-detail-3436759.html,"東區最夯商辦,機能最佳員工最愛微企首推.黃金曝光
東區最夯商辦,機能最佳員工最愛微企首推.
東區最夯商辦,機能最佳員工最愛微企首推.
黃金曝光
台北市-大安區 忠孝東路四段
辦公，樓層：11/12
2小時內更新  仲介 松華商仲  吳經理  已認證
已認證
地圖收藏問答(0)
地圖
收藏
問答(0)",48.9坪,"73,000元",http://p2.cdn.591.com.tw/house/active/2015/06/17/143453139427036703_128x92.jpg
東區精美商務中心-超值個人辦公室,rent-detail-3415933.html,"東區精美商務中心-超值個人辦公室黃金曝光
東區精美商務中心-超值個人辦公室
東區精美商務中心-超值個人辦公室
黃金曝光
凌雲大廈　台北市-大安區 忠孝東路四段206-1號
凌雲大廈
辦公，樓層：4/12
2小時內更新  屋主 陳先生  
地圖收藏問答(0)
地圖
收藏
問答(0)",5坪,"8,000元",http://p1.cdn.591.com.tw/house/active/2015/06/15/143434877561733704_128x92.jpg
台北車站-京站辦公(兩面採光.方正.竹炭,rent-detail-3387376.html,"台北車站-京站辦公(兩面採光.方正.竹炭黃金曝光
台北車站-京站辦公(兩面採光.方正.竹炭
台北車站-京站辦公(兩面採光.方正.竹炭
黃金曝光
台北京站　台北市-大同區 市民大道一段211號
辦公，樓層：11/16
2小時內更新  屋主 張先生  
地圖收藏問答(0)
地圖
收藏
問答(0)",31.5坪,"55,000元",http://p1.cdn.591.com.tw/house/active/2015/05/26/143262915987456909_128x92.jpg
屋主自租！屋況佳~近捷運！,rent-detail-3425257.html,"屋主自租！屋況佳~近捷運！黃金曝光
屋主自租！屋況佳~近捷運！
屋主自租！屋況佳~近捷運！
黃金曝光
台北市-松山區 基隆路一段8-1號
辦公，樓層：10/18
2小時內更新  屋主 高小姐  
地圖收藏問答(0)
地圖
收藏
問答(0)",74坪,"55,000元",http://p1.cdn.591.com.tw/house/active/2015/03/14/142630370793627108_128x92.jpg
屋主自租!免仲介費!!!歡迎來電洽詢,rent-detail-3389600.html,"屋主自租!免仲介費!!!歡迎來電洽詢黃金曝光
屋主自租!免仲介費!!!歡迎來電洽詢
屋主自租!免仲介費!!!歡迎來電洽詢
黃金曝光
萬和實業大樓　台北市-中山區 朱崙街60號
辦公，樓層：7/8
2小時內更新  屋主 楊先生  
地圖收藏問答(0)
地圖
收藏
問答(0)",69.1坪,"100,000元",http://p2.cdn.591.com.tw/house/active/2015/05/27/143271681279290709_128x92.jpg
*松山車站*捷運松山站優質大坪數商辦大樓,rent-detail-3401286.html,"*松山車站*捷運松山站優質大坪數商辦大樓黃金曝光
*松山車站*捷運松山站優質大坪數商辦大樓
*松山車站*捷運松山站優質大坪數商辦大樓
黃金曝光
臻愛　台北市-南港區 南港路三段
臻愛
辦公，樓層：12/13
2小時內更新  屋主 林先生  
地圖收藏問答(0)
地圖
收藏
問答(0)",90坪,"108,000元",http://p1.cdn.591.com.tw/house/active/2015/06/01/143316947083125306_128x92.jpg
小坪數辦公室分租,rent-detail-3416596.html,"小坪數辦公室分租黃金曝光
小坪數辦公室分租
小坪數辦公室分租
黃金曝光
鳳凰大廈　台北市-大安區 敦化南路一段3號
辦公，樓層：7/13
2小時內更新  屋主 翁先生  
地圖收藏問答(0)
地圖
收藏
問答(0)",5坪,"16,000元",http://p2.cdn.591.com.tw/house/active/2015/06/08/143375253724040100_128x92.jpg
近台大/西門雙捷運-獨立辦公室+秘書服務,rent-detail-3418661.html,"近台大/西門雙捷運-獨立辦公室+秘書服務黃金曝光
近台大/西門雙捷運-獨立辦公室+秘書服務
近台大/西門雙捷運-獨立辦公室+秘書服務
黃金曝光
富群資訊大樓　台北市-中正區 衡陽路10號
富群資訊大樓
辦公，樓層：12/15
2小時內更新  屋主 張小姐  
地圖收藏問答(1)
地圖
收藏
問答(1)",3坪,"15,000元",http://p2.cdn.591.com.tw/house/active/2014/06/16/140291151793302602_128x92.jpg
捷運忠孝復興景觀會議室(每日計費優惠中),rent-detail-2212834.html,"捷運忠孝復興景觀會議室(每日計費優惠中)黃金曝光
捷運忠孝復興景觀會議室(每日計費優惠中)
捷運忠孝復興景觀會議室(每日計費優惠中)
黃金曝光
曼哈頓大廈　台北市-大安區 忠孝東路三段136號
辦公，樓層：11/13
2小時內更新  代理人 丁小姐  
地圖收藏問答(1)
地圖
收藏
問答(1)",5坪,"3,000元",http://p2.cdn.591.com.tw/house/active/2012/02/29/133049365593892700_128x92.jpg
捷運正上方！辦公室出租9000元含家具,rent-detail-3415002.html,"捷運正上方！辦公室出租9000元含家具黃金曝光
捷運正上方！辦公室出租9000元含家具
捷運正上方！辦公室出租9000元含家具
黃金曝光
三普企業大樓　台北市-大安區 忠孝東路四段169號
辦公，樓層：6/12
2小時內更新  屋主 李小姐  
地圖收藏問答(0)
地圖
收藏
問答(0)",3坪,"9,000元",http://p2.cdn.591.com.tw/house/active/2015/05/08/143101610208329604_128x92.jpg
SOGO正對面.獨立小型辦公司.立即進駐,rent-detail-3323866.html,"SOGO正對面.獨立小型辦公司.立即進駐黃金曝光
SOGO正對面.獨立小型辦公司.立即進駐
SOGO正對面.獨立小型辦公司.立即進駐
黃金曝光
台北市-大安區 忠孝東路三段305號
辦公，樓層：6/12
2小時內更新  屋主 林小姐  
地圖收藏問答(0)
地圖
收藏
問答(0)",5坪,"11,500元",http://p1.cdn.591.com.tw/house/active/2015/04/27/143010196064455007_128x92.jpg
眺望萬坪綠地超美View方正明亮機能強,rent-detail-3398702.html,"眺望萬坪綠地超美View方正明亮機能強黃金曝光
眺望萬坪綠地超美View方正明亮機能強
眺望萬坪綠地超美View方正明亮機能強
黃金曝光
金興實業大樓　台北市-士林區 後港街98號
辦公，樓層：7/7
2小時內更新  屋主 陳先生  
地圖收藏問答(0)
地圖
收藏
問答(0)",82坪,"82,000元",http://p1.cdn.591.com.tw/house/active/2010/10/13/128694418035093602_128x92.jpg
遷址有優惠!租貴退差價!台北市公司登記!,rent-detail-3429596.html,"遷址有優惠!租貴退差價!台北市公司登記!黃金曝光
遷址有優惠!租貴退差價!台北市公司登記!
遷址有優惠!租貴退差價!台北市公司登記!
黃金曝光
商務大樓　台北市-大安區 和平東路三段
辦公，樓層：8/14
2小時內更新  屋主 林先生  
地圖收藏問答(0)
地圖
收藏
問答(0)",1坪,"1,980元",http://p1.cdn.591.com.tw/house/active/2015/06/14/143426927218401001_128x92.jpg
單純辦公室分租,rent-detail-3438782.html,"單純辦公室分租黃金曝光
單純辦公室分租
單純辦公室分租
黃金曝光
台北市-大安區 忠孝東路三段
辦公，樓層：2/14
3小時內更新  屋主 徐小姐  
地圖收藏問答(0)
地圖
收藏
問答(0)",28坪,"18,000元",http://p2.cdn.591.com.tw/house/active/2015/06/18/143461586214061406_128x92.jpg
【捷運沿線】雷格斯台北服務式辦公室優惠中,rent-detail-3388545.html,"【捷運沿線】雷格斯台北服務式辦公室優惠中黃金曝光
【捷運沿線】雷格斯台北服務式辦公室優惠中
【捷運沿線】雷格斯台北服務式辦公室優惠中
黃金曝光
華新麗華　台北市-信義區 松智路1號
辦公，樓層：1/11
3小時內更新  屋主 吳先生  
地圖收藏問答(0)
地圖
收藏
問答(0)",3坪,"38,000元",http://p2.cdn.591.com.tw/house/active/2014/08/11/140775895570399404_128x92.jpg
商務中心辦公室出租、三捷運、窗景辦公室,rent-detail-3409299.html,"商務中心辦公室出租、三捷運、窗景辦公室黃金曝光
商務中心辦公室出租、三捷運、窗景辦公室
商務中心辦公室出租、三捷運、窗景辦公室
黃金曝光
台北市-大安區 忠孝東路三段136號
辦公，樓層：11/13
3小時內更新  代理人 丁小姐  
地圖收藏問答(0)
地圖
收藏
問答(0)",6.2坪,"16,800元",http://p2.cdn.591.com.tw/house/active/2011/11/04/132033866975253700_128x92.jpg
捷運站上方！101旁捷運辦公室出租！,rent-detail-3415048.html,"捷運站上方！101旁捷運辦公室出租！黃金曝光
捷運站上方！101旁捷運辦公室出租！
捷運站上方！101旁捷運辦公室出租！
黃金曝光
信義大樓　台北市-信義區 信義路四段279號
辦公，樓層：8/12
3小時內更新  屋主 簡小姐  
地圖收藏問答(1)
地圖
收藏
問答(1)",3坪,"8,000元",http://p1.cdn.591.com.tw/house/active/2014/03/17/139498912193857601_128x92.jpg
近台北市政府高級辦公室出租,rent-detail-3425988.html,"近台北市政府高級辦公室出租黃金曝光
近台北市政府高級辦公室出租
近台北市政府高級辦公室出租
黃金曝光
新寶信義大褸　台北市-信義區 基隆路一段143號
辦公，樓層：7/13
3小時內更新  屋主 林先生  
地圖收藏問答(0)
地圖
收藏
問答(0)",31.6坪,"45,000元",http://p1.cdn.591.com.tw/house/active/2015/06/16/143442324753298105_128x92.jpg
台北車站商務中心5-6人辦公室-無窗,rent-detail-3415786.html,"台北車站商務中心5-6人辦公室-無窗黃金曝光
台北車站商務中心5-6人辦公室-無窗
台北車站商務中心5-6人辦公室-無窗
黃金曝光
中央辦公大樓　台北市-中正區 中山北路一段2號
辦公，樓層：4/11
3小時內更新  屋主 廖小姐  
地圖收藏問答(0)
地圖
收藏
問答(0)",6.7坪,"19,800元",http://p2.cdn.591.com.tw/house/active/2014/11/13/141581309047681007_128x92.jpg
延平長安電梯大坪數,rent-detail-3378554.html,"延平長安電梯大坪數黃金曝光
延平長安電梯大坪數
延平長安電梯大坪數
黃金曝光
延平長安電梯大樓　台北市-大同區 延平北路一段104號
辦公，樓層：10/10
3小時內更新  屋主 羅先生  
地圖收藏問答(1)
地圖
收藏
問答(1)",86坪,"80,000元",http://p1.cdn.591.com.tw/house/active/2015/05/23/143234662389917500_128x92.jpg
【西湖捷運站】內湖科學園區商務辦公室,rent-detail-3388515.html,"【西湖捷運站】內湖科學園區商務辦公室黃金曝光
【西湖捷運站】內湖科學園區商務辦公室
【西湖捷運站】內湖科學園區商務辦公室
黃金曝光
極光大樓　台北市-內湖區 洲子街183號
辦公，樓層：3/9
3小時內更新  屋主 吳先生  
地圖收藏問答(0)
地圖
收藏
問答(0)",3坪,"10,000元",http://p1.cdn.591.com.tw/house/active/2015/03/09/142588510635246208_128x92.jpg
延平長安電梯大坪數,rent-detail-3378554.html,"延平長安電梯大坪數黃金曝光
延平長安電梯大坪數
延平長安電梯大坪數
黃金曝光
延平長安電梯大樓　台北市-大同區 延平北路一段104號
辦公，樓層：10/10
3小時內更新  屋主 羅先生  
地圖收藏問答(1)
地圖
收藏
問答(1)",86坪,"80,000元",http://p1.cdn.591.com.tw/house/active/2015/05/23/143234662389917500_128x92.jpg
忠孝東路4段全新商務中心【辦公室出租】,rent-detail-3355377.html,"忠孝東路4段全新商務中心【辦公室出租】黃金曝光
忠孝東路4段全新商務中心【辦公室出租】
忠孝東路4段全新商務中心【辦公室出租】
黃金曝光
美孚大樓　台北市-大安區 忠孝東路四段270號
辦公，樓層：17/17
3小時內更新  代理人 陳小姐  
地圖收藏問答(0)
地圖
收藏
問答(0)",3坪,"39,000元",http://p1.cdn.591.com.tw/house/active/2015/03/11/142606679596872707_128x92.jpg
工商登記，公司設立聯絡處，只要2500元,rent-detail-3409211.html,"工商登記，公司設立聯絡處，只要2500元黃金曝光
工商登記，公司設立聯絡處，只要2500元
工商登記，公司設立聯絡處，只要2500元
黃金曝光
台北市-大安區 忠孝東路四段59號
辦公，樓層：10/12
3小時內更新  屋主 陳先生  
地圖收藏問答(0)
地圖
收藏
問答(0)",1坪,"2,500元",http://p2.cdn.591.com.tw/house/active/2015/06/18/143459643820400602_128x92.jpg
南港路三段優質辦公大樓,rent-detail-3390707.html,"南港路三段優質辦公大樓黃金曝光
南港路三段優質辦公大樓
南港路三段優質辦公大樓
黃金曝光
世貿帝國　台北市-南港區 南港路三段
辦公，樓層：4/9
3小時內更新  屋主 陳小姐  
地圖收藏問答(0)
地圖
收藏
問答(0)",101坪,"79,000元",http://p1.cdn.591.com.tw/house/active/2015/03/11/142604198078289808_128x92.jpg
[可短租]獨立辦公室OA全(包水電),rent-detail-3420399.html,"[可短租]獨立辦公室OA全(包水電)黃金曝光
[可短租]獨立辦公室OA全(包水電)
[可短租]獨立辦公室OA全(包水電)
黃金曝光
台北市-中山區 合江街116巷
辦公，樓層：3/4
3小時內更新  屋主 林先生  
地圖收藏問答(0)
地圖
收藏
問答(0)",5坪,"10,000元",http://p1.cdn.591.com.tw/house/active/2013/09/10/137880150561207007_128x92.jpg
[自租]工業風門廳品味卓著含辦公設備,rent-detail-3363008.html,"[自租]工業風門廳品味卓著含辦公設備黃金曝光
[自租]工業風門廳品味卓著含辦公設備
[自租]工業風門廳品味卓著含辦公設備
黃金曝光
台北市-士林區 承德路四段80巷
辦公，樓層：1/5
3小時內更新  屋主 温先生  
地圖收藏問答(0)
地圖
收藏
問答(0)",50坪,"88,000元",http://p2.cdn.591.com.tw/house/active/2015/06/12/143407793332795806_128x92.jpg
捷運文湖松山線南京復興站有窗2~3人房,rent-detail-3409208.html,"捷運文湖松山線南京復興站有窗2~3人房黃金曝光
捷運文湖松山線南京復興站有窗2~3人房
捷運文湖松山線南京復興站有窗2~3人房
黃金曝光
永瑞大樓　台北市-松山區 南京東路三段305號
辦公，樓層：5/12
3小時內更新  屋主 Helen 何  
地圖收藏問答(0)
地圖
收藏
問答(0)",6.5坪,"13,800元",http://p1.cdn.591.com.tw/house/active/2014/02/20/139288075747621700_128x92.jpg
最低價最便宜工商地址出租,rent-detail-3405918.html,"最低價最便宜工商地址出租黃金曝光
最低價最便宜工商地址出租
最低價最便宜工商地址出租
黃金曝光
台北市-大安區 基隆路二段
辦公，樓層：6/12
3小時內更新  屋主 沈小姐  
地圖收藏問答(0)
地圖
收藏
問答(0)",1坪,"2,500元",http://p1.cdn.591.com.tw/house/active/2013/09/16/137926249253046809_128x92.jpg
新開幕！工商登記辦事處只要2500元！,rent-detail-3415032.html,"新開幕！工商登記辦事處只要2500元！黃金曝光
新開幕！工商登記辦事處只要2500元！
新開幕！工商登記辦事處只要2500元！
黃金曝光

長盛大樓　台北市-中山區 南京東路二段101號
辦公，樓層：11/12
3小時內更新  屋主 羅小姐  
地圖收藏問答(0)
地圖
收藏
問答(0)",3坪,"2,500元",http://p2.cdn.591.com.tw/house/active/2015/05/08/143101782772809207_128x92.jpg
頂級小辦公室附裝潢傢俱,rent-detail-3431728.html,"頂級小辦公室附裝潢傢俱黃金曝光
頂級小辦公室附裝潢傢俱
頂級小辦公室附裝潢傢俱
黃金曝光
純商辦大樓　台北市-大安區 忠孝東路四段169號
辦公，樓層：12/12
3小時內更新  代理人 松漢國際商務中心  
地圖收藏問答(0)
地圖
收藏
問答(0)",10坪,"29,000元",http://p1.cdn.591.com.tw/house/active/2015/04/16/142916420861038805_128x92.jpg
交通方便，近國父紀念館捷運站,rent-detail-3410378.html,"交通方便，近國父紀念館捷運站黃金曝光
交通方便，近國父紀念館捷運站
交通方便，近國父紀念館捷運站
黃金曝光
新東陽通商大樓　台北市-大安區 忠孝東路四段289號
辦公，樓層：11/12
3小時內更新  屋主 翁小姐  
地圖收藏問答(0)
地圖
收藏
問答(0)",48.9坪,"73,000元",http://p2.cdn.591.com.tw/house/active/2015/06/08/143373264354201606_128x92.jpg
台北市最便宜!辦公空間每坪只要700!,rent-detail-3436018.html,"台北市最便宜!辦公空間每坪只要700!黃金曝光
台北市最便宜!辦公空間每坪只要700!
台北市最便宜!辦公空間每坪只要700!
黃金曝光
大圓環百貨　台北市-大同區 南京西路
辦公，樓層：2/5
3小時內更新  代理人 鍾先生  
地圖收藏問答(0)
地圖
收藏
問答(0)",1坪,"1,000元",http://p1.cdn.591.com.tw/house/active/2015/04/16/142916223028809707_128x92.jpg
公司行社、商業設立登記，小資首選!!!!,rent-detail-3436037.html,"公司行社、商業設立登記，小資首選!!!!黃金曝光
公司行社、商業設立登記，小資首選!!!!
公司行社、商業設立登記，小資首選!!!!
黃金曝光
大圓環百貨　台北市-大同區 南京西路
辦公，樓層：2/5
3小時內更新  屋主 羅先生  
地圖收藏問答(0)
地圖
收藏
問答(0)",1坪,"1,885元",http://p2.cdn.591.com.tw/house/active/2015/05/13/143149049770634204_128x92.jpg
捷運南京復興站168公尺星聚點KTV8樓,rent-detail-3382271.html,"捷運南京復興站168公尺星聚點KTV8樓黃金曝光
捷運南京復興站168公尺星聚點KTV8樓
捷運南京復興站168公尺星聚點KTV8樓
黃金曝光
芝麻大廈　台北市-松山區 復興北路15號
辦公，樓層：8/15
3小時內更新  屋主 林先生  
地圖收藏問答(0)
地圖
收藏
問答(0)",23.8坪,"23,800元",http://p1.cdn.591.com.tw/house/active/2012/09/16/134778516732275201_128x92.jpg
辦公或小型加工最佳選擇或住辦也可,rent-detail-3434405.html,"辦公或小型加工最佳選擇或住辦也可黃金曝光
辦公或小型加工最佳選擇或住辦也可
辦公或小型加工最佳選擇或住辦也可
黃金曝光

怡園　台北市-中正區 中華路二段483-1號
辦公，樓層：1/7
3小時內更新  屋主 王小姐  
地圖收藏問答(0)
地圖
收藏
問答(0)",40坪,"33,000元",http://p1.cdn.591.com.tw/house/active/2015/05/07/143096628091009900_128x92.jpg
內湖科學園區優質辦公室出租,rent-detail-3426005.html,"內湖科學園區優質辦公室出租黃金曝光
內湖科學園區優質辦公室出租
內湖科學園區優質辦公室出租
黃金曝光
方元科技大樓　台北市-內湖區 瑞光路513巷22弄5號
辦公，樓層：5/8
3小時內更新  代理人 蔡先生  
地圖收藏問答(0)
地圖
收藏
問答(0)",65.9坪,"117,000元",http://p2.cdn.591.com.tw/house/active/2015/06/12/143409420678218704_128x92.jpg
租辦公、門市、展場,rent-detail-3389080.html,"租辦公、門市、展場黃金曝光
租辦公、門市、展場
租辦公、門市、展場
黃金曝光
租內湖，辦公、門市　台北市-內湖區 舊宗路二段181巷16號
辦公，樓層：1/4
3小時內更新  代理人 陳處長  
地圖收藏問答(0)
地圖
收藏
問答(0)",85坪,"127,500元",http://p1.cdn.591.com.tw/house/active/2015/05/27/143270518200853401_128x92.jpg
市民大道辦公大樓近捷運忠孝敦化站交通便利,rent-detail-3439076.html,"市民大道辦公大樓近捷運忠孝敦化站交通便利黃金曝光
市民大道辦公大樓近捷運忠孝敦化站交通便利
市民大道辦公大樓近捷運忠孝敦化站交通便利
黃金曝光
名喬　台北市-大安區 市民大道四段
辦公，樓層：6/15
3小時內更新  代理人 張小姐  
地圖收藏問答(0)
地圖
收藏
問答(0)",142坪,"220,000元",http://p2.cdn.591.com.tw/house/active/2014/06/12/140253620084837503_128x92.jpg
★賽鉑倫商務辦公室，個人桌6千有找★,rent-detail-3398856.html,"★賽鉑倫商務辦公室，個人桌6千有找★黃金曝光
★賽鉑倫商務辦公室，個人桌6千有找★
★賽鉑倫商務辦公室，個人桌6千有找★
黃金曝光
台北新資訊大樓　台北市-南港區 忠孝東路六段467號
辦公，樓層：2/11
3小時內更新  代理人 侯先生  
地圖收藏問答(0)
地圖
收藏
問答(0)",2坪,"6,000元",http://p2.cdn.591.com.tw/house/active/2014/02/07/139173996192930006_128x92.jpg
辦公室分租，可單登記地址，松山機場捷運站,rent-detail-3423573.html,"辦公室分租，可單登記地址，松山機場捷運站黃金曝光
辦公室分租，可單登記地址，松山機場捷運站
辦公室分租，可單登記地址，松山機場捷運站
黃金曝光
民生重劃區　台北市-松山區 敦化北路
辦公，樓層：3/7
3小時內更新  屋主 藍小姐  
地圖收藏問答(0)
地圖
收藏
問答(0)",30坪,"4,500元",http://p1.cdn.591.com.tw/house/active/2013/08/16/137664978572031804_128x92.jpg
南京復興捷運有窗獨立空調可2-3人,rent-detail-3424950.html,"南京復興捷運有窗獨立空調可2-3人黃金曝光
南京復興捷運有窗獨立空調可2-3人
南京復興捷運有窗獨立空調可2-3人
黃金曝光
台北市-松山區 南京東路三段305號
辦公，樓層：5/12
4小時內更新  屋主 Helen 何  
地圖收藏問答(0)
地圖
收藏
問答(0)",4.5坪,"12,800元",http://p1.cdn.591.com.tw/house/active/2012/11/28/135408999423812805_128x92.jpg
全新豪華百萬裝潢辦公室,rent-detail-3368667.html,"全新豪華百萬裝潢辦公室黃金曝光
全新豪華百萬裝潢辦公室
全新豪華百萬裝潢辦公室
黃金曝光
金鼎建設　台北市-大安區 和平東路二段265巷18號
辦公，樓層：1/12
4小時內更新  屋主 施小姐  
地圖收藏問答(0)
地圖
收藏
問答(0)",60坪,"125,000元",http://p2.cdn.591.com.tw/house/active/2015/05/17/143185285352047204_128x92.jpg
民生社區辦公室出租,rent-detail-3396149.html,"民生社區辦公室出租黃金曝光
民生社區辦公室出租
民生社區辦公室出租
黃金曝光
民生社區　台北市-松山區 民生東路四段80巷
民生社區
辦公，樓層：1/4
4小時內更新  屋主 陳先生  
地圖收藏問答(0)
地圖
收藏
問答(0)",55坪,"80,000元",http://p1.cdn.591.com.tw/house/active/2015/04/28/143022528420292801_128x92.jpg
融合地段、美感、品質絕佳的精品辦公大樓,rent-detail-3374914.html,"融合地段、美感、品質絕佳的精品辦公大樓
融合地段、美感、品質絕佳的精品辦公大樓
融合地段、美感、品質絕佳的精品辦公大樓
寀蘴國際大樓　台北市-內湖區 基湖路1號
辦公，樓層：6/12
4小時內更新  屋主 徐小姐  
地圖收藏問答(0)
地圖
收藏
問答(0)",420坪,"630,000元",http://p2.cdn.591.com.tw/house/active/2015/05/20/143209537756190505_128x92.jpg
台北信義區市政府捷運-群璽商務中心,rent-detail-3313232.html,"台北信義區市政府捷運-群璽商務中心黃金曝光
台北信義區市政府捷運-群璽商務中心
台北信義區市政府捷運-群璽商務中心
黃金曝光
台北市-信義區 基隆路一段176號
辦公，樓層：1/13
7小時內更新  代理人 陳小姐  
地圖收藏問答(0)
地圖
收藏
問答(0)",3坪,"20,000元",http://p2.cdn.591.com.tw/house/active/2013/03/27/136435358711877200_128x92.jpg
捷運站正上方！12樓景觀辦公室出租！,rent-detail-3414988.html,"捷運站正上方！12樓景觀辦公室出租！
捷運站正上方！12樓景觀辦公室出租！
捷運站正上方！12樓景觀辦公室出租！


三普企業大樓　台北市-大安區 忠孝東路四段169號
辦公，樓層：12/12
9分鐘內更新  屋主 徐小姐  
地圖收藏問答(0)
地圖
收藏
問答(0)",4坪,"10,000元",http://p2.cdn.591.com.tw/house/active/2015/05/08/143101525628573804_128x92.jpg
忠孝復興捷運站旁，全新商務中心,rent-detail-3409680.html,"忠孝復興捷運站旁，全新商務中心
忠孝復興捷運站旁，全新商務中心
忠孝復興捷運站旁，全新商務中心

台北市-大安區 忠孝東路四段112號
辦公，樓層：5/12
9分鐘內更新  代理人 梁先生  
地圖收藏問答(0)
地圖
收藏
問答(0)",5坪,"16,000元",http://p1.cdn.591.com.tw/house/active/2014/11/24/141682268706154202_128x92.jpg
Amour2時尚小資宅辦公室,rent-detail-3415725.html,"Amour2時尚小資宅辦公室
Amour2時尚小資宅辦公室
Amour2時尚小資宅辦公室

Amour2　台北市-中山區 林森北路
Amour2
辦公，樓層：4/14
9分鐘內更新  仲介 何先生  已認證
已認證
地圖收藏問答(0)
地圖
收藏
問答(0)",20坪,"33,000元",http://p1.cdn.591.com.tw/house/active/2014/10/16/141342834288512406_128x92.jpg
五鐵共構交通便利台北車站旁,rent-detail-3396593.html,"五鐵共構交通便利台北車站旁
五鐵共構交通便利台北車站旁
五鐵共構交通便利台北車站旁

新華爾街　台北市-中正區 館前路34號
辦公，樓層：7/12
9分鐘內更新  屋主 李先生  
地圖收藏問答(0)
地圖
收藏
問答(0)",187坪,"300,000元",http://p2.cdn.591.com.tw/house/active/2015/05/30/143299883507259009_128x92.jpg
忠孝復興捷運站旁，全新商務中心，三人房,rent-detail-3409659.html,"忠孝復興捷運站旁，全新商務中心，三人房
忠孝復興捷運站旁，全新商務中心，三人房
忠孝復興捷運站旁，全新商務中心，三人房

台北市-大安區 忠孝東路四段112號
辦公，樓層：5/12
14分鐘內更新  代理人 梁先生  
地圖收藏問答(0)
地圖
收藏
問答(0)",3.5坪,"10,000元",http://p1.cdn.591.com.tw/house/active/2014/11/24/141682268706154202_128x92.jpg
台北捷運松江南京捷運站辦公室出租,rent-detail-3406089.html,"台北捷運松江南京捷運站辦公室出租
台北捷運松江南京捷運站辦公室出租
台北捷運松江南京捷運站辦公室出租

航業大樓　台北市-中山區 南京東路二段
辦公，樓層：6/8
14分鐘內更新  代理人 黃小姐  
地圖收藏問答(0)
地圖
收藏
問答(0)",5坪,"12,500元",http://p2.cdn.591.com.tw/house/active/2015/06/03/143333262726489508_128x92.jpg
新開幕！捷運站4人景觀辦公室出租含家具,rent-detail-3415037.html,"新開幕！捷運站4人景觀辦公室出租含家具
新開幕！捷運站4人景觀辦公室出租含家具
新開幕！捷運站4人景觀辦公室出租含家具

長盛大樓　台北市-中山區 南京東路二段101號
辦公，樓層：11/12
14分鐘內更新  屋主 羅小姐  
地圖收藏問答(0)
地圖
收藏
問答(0)",4坪,"15,000元",http://p1.cdn.591.com.tw/house/active/2015/01/26/142228481892056107_128x92.jpg
3人全新捷運裝潢辦公室只要12000元！,rent-detail-3415016.html,"3人全新捷運裝潢辦公室只要12000元！
3人全新捷運裝潢辦公室只要12000元！
3人全新捷運裝潢辦公室只要12000元！

華新大樓　台北市-大安區 忠孝東路四段221號
華新大樓
辦公，樓層：12/12
14分鐘內更新  屋主 林小姐  
地圖收藏問答(0)
地圖
收藏
問答(0)",5坪,"12,000元",http://p2.cdn.591.com.tw/house/active/2015/05/08/143101697853091103_128x92.jpg
捷運微型辦公室全新裝潢高樓俯瞰101,rent-detail-3415014.html,"捷運微型辦公室全新裝潢高樓俯瞰101
捷運微型辦公室全新裝潢高樓俯瞰101
捷運微型辦公室全新裝潢高樓俯瞰101


華新大樓　台北市-大安區 忠孝東路四段221號
華新大樓
辦公，樓層：12/12
19分鐘內更新  屋主 林小姐  
地圖收藏問答(0)
地圖
收藏
問答(0)",3坪,"9,000元",http://p1.cdn.591.com.tw/house/active/2013/04/14/136590255501048704_128x92.jpg
史上最優價!!含水電管理費~四人空間!,rent-detail-3402195.html,"史上最優價!!含水電管理費~四人空間!
史上最優價!!含水電管理費~四人空間!
史上最優價!!含水電管理費~四人空間!

台北市-大安區 忠孝東路四段235號
辦公，樓層：10/12
24分鐘內更新  代理人 許小姐  
地圖收藏問答(0)
地圖
收藏
問答(0)",6坪,"16,500元",http://p2.cdn.591.com.tw/house/active/2013/09/18/137949640403746609_128x92.jpg
忠孝東路工商辦事公司登記只要3000元！,rent-detail-3415012.html,"忠孝東路工商辦事公司登記只要3000元！
忠孝東路工商辦事公司登記只要3000元！
忠孝東路工商辦事公司登記只要3000元！

華新大樓　台北市-大安區 忠孝東路四段221號
華新大樓
辦公，樓層：12/12
24分鐘內更新  屋主 林小姐  
地圖收藏問答(0)
地圖
收藏
問答(0)",1坪,"3,000元",http://p1.cdn.591.com.tw/house/active/2014/03/16/139496288988925708_128x92.jpg
寬敞正捷運辦公室出租，含家具冷氣網路！,rent-detail-3414992.html,"寬敞正捷運辦公室出租，含家具冷氣網路！
寬敞正捷運辦公室出租，含家具冷氣網路！
寬敞正捷運辦公室出租，含家具冷氣網路！

三普企業大樓　台北市-大安區 忠孝東路四段169號
辦公，樓層：12/12
24分鐘內更新  屋主 徐小姐  
地圖收藏問答(0)
地圖
收藏
問答(0)",5坪,"15,900元",http://p1.cdn.591.com.tw/house/active/2015/06/10/143390767746451307_128x92.jpg
雙連捷運旁辦公大樓,rent-detail-3391084.html,"雙連捷運旁辦公大樓
雙連捷運旁辦公大樓
雙連捷運旁辦公大樓

首府經貿大廈　台北市-大同區 承德路二段
首府經貿大廈
辦公，樓層：11/16
24分鐘內更新  仲介 莊先生  已認證
已認證
地圖收藏問答(0)
地圖
收藏
問答(0)",46.6坪,"69,800元",http://p2.cdn.591.com.tw/house/active/2015/04/10/142863747974458707_128x92.jpg
(一樓)辦公.商業物流,rent-detail-3374957.html,"(一樓)辦公.商業物流
(一樓)辦公.商業物流
(一樓)辦公.商業物流

台北市-中山區 新生北路二段
辦公，樓層：1/7
24分鐘內更新  仲介 陳先生  已認證
已認證
地圖收藏問答(0)
地圖
收藏
問答(0)",32.9坪,"38,000元",http://p1.cdn.591.com.tw/house/active/2014/10/06/141260167904391502_128x92.jpg
【南京三民捷運】【玻璃帷幕豪氣純辦】,rent-detail-3385659.html,"【南京三民捷運】【玻璃帷幕豪氣純辦】
【南京三民捷運】【玻璃帷幕豪氣純辦】
【南京三民捷運】【玻璃帷幕豪氣純辦】

啟德通商大樓　台北市-松山區 南京東路五段
辦公，樓層：3/12
29分鐘內更新  仲介 謝先生  已認證
已認證
地圖收藏問答(0)
地圖
收藏
問答(0)",87坪,"155,000元",http://p2.cdn.591.com.tw/house/active/2015/05/25/143255639967246001_128x92.jpg
捷運辦公室，包水電、管理【捷運站3分鐘】,rent-detail-3426215.html,"捷運辦公室，包水電、管理【捷運站3分鐘】
捷運辦公室，包水電、管理【捷運站3分鐘】
捷運辦公室，包水電、管理【捷運站3分鐘】


台北市-松山區 八德路四段465號
辦公，樓層：7/12
29分鐘內更新  代理人 林先生  
地圖收藏問答(0)
地圖
收藏
問答(0)",5坪,"8,500元",http://p2.cdn.591.com.tw/house/active/2014/06/16/140291145081885504_128x92.jpg
【3分捷鐘捷運】2-4人辦公室，含水電,rent-detail-3409276.html,"【3分捷鐘捷運】2-4人辦公室，含水電
【3分捷鐘捷運】2-4人辦公室，含水電
【3分捷鐘捷運】2-4人辦公室，含水電


新高國際　台北市-松山區 南京東路四段164號
辦公，樓層：12/12
29分鐘內更新  代理人 陳先生  
地圖收藏問答(0)
地圖
收藏
問答(0)",5坪,"9,500元",http://p2.cdn.591.com.tw/house/active/2015/03/27/142743758221860307_128x92.jpg
氣派純辦、低公設、近捷運,rent-detail-3434280.html,"氣派純辦、低公設、近捷運
氣派純辦、低公設、近捷運
氣派純辦、低公設、近捷運

怡輝大樓　台北市-大安區 復興南路一段
辦公，樓層：12/12
29分鐘內更新  仲介 林先生  已認證
已認證
地圖收藏問答(0)
地圖
收藏
問答(0)",70坪,"158,000元",http://p1.cdn.591.com.tw/house/active/2015/06/16/143444066054795804_128x92.jpg
【南京三民捷運】【玻璃帷幕豪氣純辦】,rent-detail-3385659.html,"【南京三民捷運】【玻璃帷幕豪氣純辦】
【南京三民捷運】【玻璃帷幕豪氣純辦】
【南京三民捷運】【玻璃帷幕豪氣純辦】

啟德通商大樓　台北市-松山區 南京東路五段
辦公，樓層：3/12
29分鐘內更新  仲介 謝先生  已認證
已認證
地圖收藏問答(0)
地圖
收藏
問答(0)",87坪,"155,000元",http://p2.cdn.591.com.tw/house/active/2015/05/25/143255639967246001_128x92.jpg
新開幕！捷運站8人景觀辦公室出租含家具,rent-detail-3415039.html,"新開幕！捷運站8人景觀辦公室出租含家具
新開幕！捷運站8人景觀辦公室出租含家具
新開幕！捷運站8人景觀辦公室出租含家具

長盛大樓　台北市-中山區 南京東路二段101號
辦公，樓層：11/12
29分鐘內更新  屋主 羅小姐  
地圖收藏問答(0)
地圖
收藏
問答(0)",7坪,"23,000元",http://p2.cdn.591.com.tw/house/active/2015/05/08/143101836738875704_128x92.jpg
新裝修★適5~7人★忠孝敦化捷運純辦★,rent-detail-3400123.html,"新裝修★適5~7人★忠孝敦化捷運純辦★
新裝修★適5~7人★忠孝敦化捷運純辦★
新裝修★適5~7人★忠孝敦化捷運純辦★

台北市-大安區 忠孝東路四段
辦公，樓層：5/14
29分鐘內更新  代理人 劉小姐  
地圖收藏問答(0)
地圖
收藏
問答(0)",18.3坪,"45,000元",http://p1.cdn.591.com.tw/house/active/2015/05/01/143044784039072606_128x92.jpg
捷運2分鐘約79坪全新大樓方正格局,rent-detail-3416683.html,"捷運2分鐘約79坪全新大樓方正格局
捷運2分鐘約79坪全新大樓方正格局
捷運2分鐘約79坪全新大樓方正格局

善導寺捷運　台北市-中正區 忠孝東路一段
辦公，樓層：11/11
34分鐘內更新  仲介 李小姐或王先生  已認證
已認證
地圖收藏問答(0)
地圖
收藏
問答(0)",79坪,"122,450元",http://p2.cdn.591.com.tw/house/active/2015/04/21/142959425465422009_128x92.jpg
★近信義線捷運，青田街旁商業用一樓,rent-detail-3407237.html,"★近信義線捷運，青田街旁商業用一樓
★近信義線捷運，青田街旁商業用一樓
★近信義線捷運，青田街旁商業用一樓

★青田街旁商業用一樓　台北市-大安區 和平東路一段183巷
辦公，樓層：1/5
34分鐘內更新  仲介 林先生  
地圖收藏問答(0)
地圖
收藏
問答(0)",42坪,"75,000元",http://p1.cdn.591.com.tw/house/active/2013/11/04/138354563703330608_128x92.jpg
辦公室約76坪有裝潢方正採光佳7萬未稅,rent-detail-3416686.html,"辦公室約76坪有裝潢方正採光佳7萬未稅
辦公室約76坪有裝潢方正採光佳7萬未稅
辦公室約76坪有裝潢方正採光佳7萬未稅

南京三民商圈　台北市-松山區 南京東路五段
辦公，樓層：10/15
34分鐘內更新  仲介 李小姐或王先生  已認證
已認證
地圖收藏問答(0)
地圖
收藏
問答(0)",76坪,"70,000元",http://p2.cdn.591.com.tw/house/active/2015/06/08/143375185505889506_128x92.jpg
敦北商圈航廈,rent-detail-3401418.html,"敦北商圈航廈
敦北商圈航廈
敦北商圈航廈

台北市-松山區 民權東路三段178號
辦公，樓層：4/15
34分鐘內更新  屋主 程小姐  
地圖收藏問答(0)
地圖
收藏
問答(0)",278坪,"480,000元",http://p1.cdn.591.com.tw/house/active/2012/07/11/134198274003602001_128x92.jpg
捷運5分鐘辦公室129坪氣派大樓公設低,rent-detail-3400772.html,"捷運5分鐘辦公室129坪氣派大樓公設低
捷運5分鐘辦公室129坪氣派大樓公設低
捷運5分鐘辦公室129坪氣派大樓公設低

台北市-大同區 承德路一段
辦公，樓層：17/18
34分鐘內更新  仲介 鄭先生或王先生  已認證
已認證
地圖收藏問答(0)
地圖
收藏
問答(0)",129坪,"196,410元",http://p2.cdn.591.com.tw/house/active/2015/06/01/143315598108568402_128x92.jpg
捷運8分鐘高級商辦有裝潢隔間約139坪,rent-detail-3400614.html,"捷運8分鐘高級商辦有裝潢隔間約139坪
捷運8分鐘高級商辦有裝潢隔間約139坪
捷運8分鐘高級商辦有裝潢隔間約139坪

台北市-大同區 承德路一段
辦公，樓層：11/16
34分鐘內更新  仲介 鄭先生或王先生  已認證
已認證
地圖收藏問答(0)
地圖
收藏
問答(0)",139.5坪,"209,250元",http://p1.cdn.591.com.tw/house/active/2014/10/27/141440301517913907_128x92.jpg
捷運站10忠辦公室出租約82坪8.2萬,rent-detail-3400605.html,"捷運站10忠辦公室出租約82坪8.2萬
捷運站10忠辦公室出租約82坪8.2萬
捷運站10忠辦公室出租約82坪8.2萬

市政府商圈　台北市-信義區 永吉路
辦公，樓層：10/14
39分鐘內更新  仲介 鄭先生或王先生  已認證
已認證
地圖收藏問答(0)
地圖
收藏
問答(0)",82坪,"82,000元",http://p2.cdn.591.com.tw/house/active/2015/04/21/142961326554352600_128x92.jpg
捷運商辦約54.39坪6.9萬含稅12%,rent-detail-3400594.html,"捷運商辦約54.39坪6.9萬含稅12%
捷運商辦約54.39坪6.9萬含稅12%
捷運商辦約54.39坪6.9萬含稅12%

復興北路南京東站附近　台北市-松山區 復興北路
辦公，樓層：6/12
39分鐘內更新  仲介 鄭先生或王先生  已認證
已認證
地圖收藏問答(0)
地圖
收藏
問答(0)",54.4坪,"69,000元",http://p1.cdn.591.com.tw/house/active/2015/04/19/142942835757156707_128x92.jpg
辦公首選，位置絕佳,rent-detail-3399378.html,"辦公首選，位置絕佳
辦公首選，位置絕佳
辦公首選，位置絕佳

台北市-松山區 南京東路四段
辦公，樓層：7/12
39分鐘內更新  仲介 朱先生  已認證
已認證
地圖收藏問答(0)
地圖
收藏
問答(0)",39坪,"40,000元",http://p1.cdn.591.com.tw/house/active/2015/06/10/143392993453848405_128x92.jpg
捷運8分鐘高級商辦大樓稀有物件釋出,rent-detail-3416865.html,"捷運8分鐘高級商辦大樓稀有物件釋出
捷運8分鐘高級商辦大樓稀有物件釋出
捷運8分鐘高級商辦大樓稀有物件釋出

台北市-松山區 民生東路
辦公，樓層：10/14
39分鐘內更新  仲介 李小姐或王先生  已認證
已認證
地圖收藏問答(0)
地圖
收藏
問答(0)",85.2坪,"136,384元",http://p1.cdn.591.com.tw/house/active/2015/04/02/142794512796285608_128x92.jpg
捷運3分鐘高級商辦方正採光佳,rent-detail-3416659.html,"捷運3分鐘高級商辦方正採光佳
捷運3分鐘高級商辦方正採光佳
捷運3分鐘高級商辦方正採光佳

民權西路捷運　台北市-中山區 南京東路三段
辦公，樓層：8/12
39分鐘內更新  仲介 李小姐  已認證
已認證
地圖收藏問答(0)
地圖
收藏
問答(0)",90坪,"144,000元",http://p2.cdn.591.com.tw/house/active/2015/06/08/143375313948033602_128x92.jpg
站前高級A辦大樓方正格局可立即使用,rent-detail-3400611.html,"站前高級A辦大樓方正格局可立即使用
站前高級A辦大樓方正格局可立即使用
站前高級A辦大樓方正格局可立即使用

台北車站商圈　台北市-大同區 承德路一段
辦公，樓層：12/20
39分鐘內更新  仲介 鄭先生  已認證
已認證
地圖收藏問答(0)
地圖
收藏
問答(0)",36坪,"60,000元",http://p2.cdn.591.com.tw/house/active/2015/03/18/142667098287432108_128x92.jpg
捷運出口2分鐘約117坪全新氣派大樓,rent-detail-3416662.html,"捷運出口2分鐘約117坪全新氣派大樓
捷運出口2分鐘約117坪全新氣派大樓
捷運出口2分鐘約117坪全新氣派大樓

後山碑捷運　台北市-信義區 忠孝東路六段
辦公，樓層：6/14
39分鐘內更新  仲介 王先生  已認證
已認證
地圖收藏問答(0)
地圖
收藏
問答(0)",117坪,"168,000元",http://p1.cdn.591.com.tw/house/active/2015/04/07/142838318243413805_128x92.jpg
捷運出口10分鐘商辦大樓稀有物件釋出,rent-detail-3400606.html,"捷運出口10分鐘商辦大樓稀有物件釋出
捷運出口10分鐘商辦大樓稀有物件釋出
捷運出口10分鐘商辦大樓稀有物件釋出

中山站商圈　台北市-中山區 長安東路二段
辦公，樓層：5/12
39分鐘內更新  仲介 王先生  已認證
已認證
地圖收藏問答(0)
地圖
收藏
問答(0)",100坪,"120,000元",http://p2.cdn.591.com.tw/house/active/2015/04/28/143019314113905008_128x92.jpg
捷運站8分鐘適合辦公室約28坪,rent-detail-3400600.html,"捷運站8分鐘適合辦公室約28坪
捷運站8分鐘適合辦公室約28坪
捷運站8分鐘適合辦公室約28坪

台北市-中山區 中山北路二段
辦公，樓層：2/13
39分鐘內更新  仲介 鄭先生或王先生  已認證
已認證
地圖收藏問答(1)
地圖
收藏
問答(1)",28坪,"42,000元",http://p2.cdn.591.com.tw/house/active/2014/12/01/141741638433848207_128x92.jpg
"UNICO個人辦公室10,000含商登",rent-detail-3384391.html,"UNICO個人辦公室10,000含商登
UNICO個人辦公室10,000含商登
UNICO個人辦公室10,000含商登

新光國際商業大樓　台北市-松山區 南京東路三段287號
新光國際商業大樓
辦公，樓層：10/16
39分鐘內更新  代理人 許小姐  
地圖收藏問答(0)
地圖
收藏
問答(0)",3.5坪,"10,000元",http://p1.cdn.591.com.tw/house/active/2014/10/01/141214256340814601_128x92.jpg
捷運3分鐘辦公室出租約31坪有裝潢,rent-detail-3400608.html,"捷運3分鐘辦公室出租約31坪有裝潢
捷運3分鐘辦公室出租約31坪有裝潢
捷運3分鐘辦公室出租約31坪有裝潢

京站商圈　台北市-大同區 承德路一段
辦公，樓層：11/17
39分鐘內更新  仲介 江先生  已認證
已認證
地圖收藏問答(0)
地圖
收藏
問答(0)",31.5坪,"55,000元",http://p2.cdn.591.com.tw/house/active/2015/04/28/143019455665467205_128x92.jpg
捷運5分鐘採光佳約50坪租金6.2萬,rent-detail-3416666.html,"捷運5分鐘採光佳約50坪租金6.2萬
捷運5分鐘採光佳約50坪租金6.2萬
捷運5分鐘採光佳約50坪租金6.2萬

台北市-中山區 松江路
辦公，樓層：6/10
39分鐘內更新  仲介 李小姐  已認證
已認證
地圖收藏問答(0)
地圖
收藏
問答(0)",50坪,"62,000元",http://p2.cdn.591.com.tw/house/active/2015/01/27/142233098068586101_128x92.jpg
環境優雅交通便利安靜優質辦公大樓,rent-detail-3383427.html,"環境優雅交通便利安靜優質辦公大樓
環境優雅交通便利安靜優質辦公大樓
環境優雅交通便利安靜優質辦公大樓

台北市-萬華區 康定路64號
辦公，樓層：4/16
44分鐘內更新  屋主 王先生  
地圖收藏問答(0)
地圖
收藏
問答(0)",55坪,"55,000元",http://p2.cdn.591.com.tw/house/active/2008/03/05/120471923167145_128x92.jpg
松山站10分鐘115坪租金12.5萬含稅,rent-detail-3416859.html,"松山站10分鐘115坪租金12.5萬含稅
松山站10分鐘115坪租金12.5萬含稅
松山站10分鐘115坪租金12.5萬含稅

台北市-松山區 八德路四段
辦公，樓層：2/12
44分鐘內更新  仲介 李小姐或王先生  已認證
已認證
地圖收藏問答(0)
地圖
收藏
問答(0)",115坪,"125,000元",images/index/house/nophoto97x70.gif
"近台北車站,交通便利,電梯大樓",rent-detail-3375119.html,"近台北車站,交通便利,電梯大樓
近台北車站,交通便利,電梯大樓
近台北車站,交通便利,電梯大樓

富比仕　台北市-中正區 重慶南路一段57號
富比仕
辦公，樓層：4/14
44分鐘內更新  屋主 劉小姐  
地圖收藏問答(0)
地圖
收藏
問答(0)",25坪,"37,000元",http://p2.cdn.591.com.tw/house/active/2015/05/20/143209963182098605_128x92.jpg
高級商辦大樓交通便利方正採光佳108坪,rent-detail-3416995.html,"高級商辦大樓交通便利方正採光佳108坪
高級商辦大樓交通便利方正採光佳108坪
高級商辦大樓交通便利方正採光佳108坪

台北市-松山區 復興北路
辦公，樓層：11/16
44分鐘內更新  仲介 王先生  已認證
已認證
地圖收藏問答(0)
地圖
收藏
問答(0)",108坪,"194,400元",http://p1.cdn.591.com.tw/house/active/2015/06/08/143376003727518302_128x92.jpg
商辦大樓有裝潢方正格局80坪租金9.6萬,rent-detail-3400585.html,"商辦大樓有裝潢方正格局80坪租金9.6萬
商辦大樓有裝潢方正格局80坪租金9.6萬
商辦大樓有裝潢方正格局80坪租金9.6萬

南京松江商圈　台北市-中山區 建國北路一段
辦公，樓層：9/14
44分鐘內更新  仲介 鄭先生  已認證
已認證
地圖收藏問答(0)
地圖
收藏
問答(0)",80坪,"96,000元",http://p2.cdn.591.com.tw/house/active/2015/04/27/143013295715475404_128x92.jpg
捷運3分鐘辦公大樓45坪5.48萬含稅,rent-detail-3400561.html,"捷運3分鐘辦公大樓45坪5.48萬含稅
捷運3分鐘辦公大樓45坪5.48萬含稅
捷運3分鐘辦公大樓45坪5.48萬含稅

台北市-信義區 忠孝東路五段
辦公，樓層：16/17
49分鐘內更新  仲介 鄭先生或王先生  已認證
已認證
地圖收藏問答(0)
地圖
收藏
問答(0)",42坪,"54,800元",http://p2.cdn.591.com.tw/house/active/2015/06/01/143313214086662409_128x92.jpg
捷運高級商辦約45坪方正採光佳稀有物件,rent-detail-3400571.html,"捷運高級商辦約45坪方正採光佳稀有物件
捷運高級商辦約45坪方正採光佳稀有物件
捷運高級商辦約45坪方正採光佳稀有物件

台北市-大同區 民權西路
辦公，樓層：12/12
49分鐘內更新  仲介 鄭先生或王先生  已認證
已認證
地圖收藏問答(0)
地圖
收藏
問答(0)",45坪,"58,000元",http://p1.cdn.591.com.tw/house/active/2015/03/21/142692848843233508_128x92.jpg
捷運3分鐘高級商辦有裝璜約77坪,rent-detail-3400558.html,"捷運3分鐘高級商辦有裝璜約77坪
捷運3分鐘高級商辦有裝璜約77坪
捷運3分鐘高級商辦有裝璜約77坪

台北市-松山區 南京東路四段
辦公，樓層：12/13
49分鐘內更新  仲介 鄭先生或王先生  已認證
已認證
地圖收藏問答(0)
地圖
收藏
問答(0)",77坪,"107,240元",images/index/house/nophoto97x70.gif
近交流道(延平北4段)採光電梯辦公室,rent-detail-3427201.html,"近交流道(延平北4段)採光電梯辦公室
近交流道(延平北4段)採光電梯辦公室
近交流道(延平北4段)採光電梯辦公室

台北市-大同區 延平北路四段
辦公，樓層：3/5
49分鐘內更新  屋主 林小姐  
地圖收藏問答(0)
地圖
收藏
問答(0)",17坪,"18,000元",http://p2.cdn.591.com.tw/house/active/2015/06/14/143427129750358100_128x92.jpg
忠孝東路四段商務中心，工商登記公司設址！,rent-detail-3415001.html,"忠孝東路四段商務中心，工商登記公司設址！
忠孝東路四段商務中心，工商登記公司設址！
忠孝東路四段商務中心，工商登記公司設址！


三普企業大樓　台北市-大安區 忠孝東路四段169號
辦公，樓層：6/12
49分鐘內更新  屋主 李小姐  
地圖收藏問答(0)
地圖
收藏
問答(0)",1坪,"2,500元",http://p2.cdn.591.com.tw/house/active/2015/05/08/143101600634383705_128x92.jpg
捷運站5分鐘有裝潢隔間6.8萬有裝潢隔間,rent-detail-3400566.html,"捷運站5分鐘有裝潢隔間6.8萬有裝潢隔間
捷運站5分鐘有裝潢隔間6.8萬有裝潢隔間
捷運站5分鐘有裝潢隔間6.8萬有裝潢隔間

台北市-大同區 承德路一段
辦公，樓層：10/12
49分鐘內更新  仲介 鄭先生  已認證
已認證
地圖收藏問答(0)
地圖
收藏
問答(0)",57坪,"68,000元",http://p2.cdn.591.com.tw/house/active/2015/06/01/143313374579039702_128x92.jpg
捷運3分鐘約71坪9.1